problem,status,compile_status,sim_status,mismatches,samples,timeout
Prob001_zero,pass,0,0,0,20,False
Prob002_m2014_q4i,pass,0,0,0,100,False
Prob003_step_one,pass,0,0,0,20,False
Prob004_vector2,pass,0,0,0,110,False
Prob005_notgate,pass,0,0,0,239,False
Prob006_vectorr,pass,0,0,0,218,False
Prob007_wire,pass,0,0,0,120,False
Prob008_m2014_q4h,pass,0,0,0,100,False
Prob009_popcount3,compile_fail,2,,,,False
Prob010_mt2015_q4a,pass,0,0,0,202,False
Prob011_norgate,pass,0,0,0,219,False
Prob012_xnorgate,pass,0,0,0,219,False
Prob013_m2014_q4e,pass,0,0,0,100,False
Prob014_andgate,pass,0,0,0,219,False
Prob015_vector1,pass,0,0,0,218,False
Prob016_m2014_q4j,pass,0,0,0,100,False
Prob017_mux2to1v,pass,0,0,0,114,False
Prob018_mux256to1,pass,0,0,0,2000,False
Prob019_m2014_q4f,pass,0,0,0,100,False
Prob020_mt2015_eq2,pass,0,0,0,2000,False
Prob021_mux256to1v,pass,0,0,0,2000,False
Prob022_mux2to1,pass,0,0,0,122,False
Prob023_vector100r,pass,0,0,0,200,False
Prob024_hadd,pass,0,0,0,200,False
Prob025_reduction,pass,0,0,0,100,False
Prob026_alwaysblock1,pass,0,0,0,219,False
Prob027_fadd,pass,0,0,0,214,False
Prob028_m2014_q4a,pass,0,0,0,100,False
Prob029_m2014_q4g,pass,0,0,0,100,False
Prob030_popcount255,pass,0,0,0,215,False
Prob031_dff,pass,0,0,0,121,False
Prob032_vector0,pass,0,0,0,21,False
Prob033_ece241_2014_q1c,pass,0,0,0,116,False
Prob034_dff8,mismatch,0,0,1,41,False
Prob035_count1to10,pass,0,0,0,439,False
Prob036_ringer,pass,0,0,0,19,False
Prob037_review2015_count1k,pass,0,0,0,8027,False
Prob038_count15,pass,0,0,0,421,False
Prob039_always_if,pass,0,0,0,114,False
Prob040_count10,pass,0,0,0,439,False
Prob041_dff8r,pass,0,0,0,432,False
Prob042_vector4,pass,0,0,0,100,False
Prob043_vector5,pass,0,0,0,100,False
Prob044_vectorgates,pass,0,0,0,261,False
Prob045_edgedetect2,pass,0,0,0,228,False
Prob046_dff8p,pass,0,0,0,436,False
Prob047_dff8ar,pass,0,0,0,436,False
Prob048_m2014_q4c,pass,0,0,0,100,False
Prob049_m2014_q4b,pass,0,0,0,100,False
Prob050_kmap1,pass,0,0,0,219,False
Prob051_gates4,pass,0,0,0,234,False
Prob052_gates100,pass,0,0,0,433,False
Prob053_m2014_q4d,mismatch,0,0,1,100,False
Prob054_edgedetect,pass,0,0,0,227,False
Prob055_conditional,pass,0,0,0,112,False
Prob056_ece241_2013_q7,pass,0,0,0,422,False
Prob057_kmap2,pass,0,0,0,232,False
Prob058_alwaysblock2,pass,0,0,0,219,False
Prob059_wire4,pass,0,0,0,218,False
Prob060_m2014_q4k,pass,0,0,0,299,False
Prob061_2014_q4a,pass,0,0,0,200,False
Prob062_bugs_mux2,mismatch,0,0,111,114,False
Prob063_review2015_shiftcount,pass,0,0,0,2071,False
Prob064_vector3,pass,0,0,0,126,False
Prob065_7420,pass,0,0,0,239,False
Prob066_edgecapture,mismatch,0,0,91,266,False
Prob067_countslow,pass,0,0,0,499,False
Prob068_countbcd,pass,0,0,0,39805,False
Prob069_truthtable1,pass,0,0,0,58,False
Prob070_ece241_2013_q2,mismatch,0,0,17,107,False
Prob071_always_casez,pass,0,0,0,346,False
Prob072_thermostat,pass,0,0,0,248,False
Prob073_dff16e,pass,0,0,0,443,False
Prob074_ece241_2014_q4,pass,0,0,0,118,False
Prob075_counter_2bc,pass,0,0,0,1051,False
Prob076_always_case,pass,0,0,0,118,False
Prob077_wire_decl,pass,0,0,0,122,False
Prob078_dualedge,pass,0,0,0,224,False
Prob079_fsm3onehot,pass,0,0,0,200,False
Prob080_timer,pass,0,0,0,7127,False
Prob081_7458,pass,0,0,0,439,False
Prob082_lfsr32,timeout,0,0,0,200000,True
Prob083_mt2015_q4b,pass,0,0,0,110,False
Prob084_ece241_2013_q12,pass,0,0,0,530,False
Prob085_shift4,pass,0,0,0,427,False
Prob086_lfsr5,pass,0,0,0,4443,False
Prob087_gates,pass,0,0,0,210,False
Prob088_ece241_2014_q5b,pass,0,0,0,436,False
Prob089_ece241_2014_q5a,pass,0,0,0,436,False
Prob090_circuit1,pass,0,0,0,120,False
Prob091_2012_q2b,pass,0,0,0,600,False
Prob092_gatesv100,pass,0,0,0,201,False
Prob093_ece241_2014_q3,mismatch,0,0,11,60,False
Prob094_gatesv,pass,0,0,0,213,False
Prob095_review2015_fsmshift,pass,0,0,0,200,False
Prob096_review2015_fsmseq,pass,0,0,0,643,False
Prob097_mux9to1v,pass,0,0,0,220,False
Prob098_circuit7,pass,0,0,0,123,False
Prob099_m2014_q6c,compile_fail,4,,,,False
Prob100_fsm3comb,pass,0,0,0,100,False
Prob101_circuit4,pass,0,0,0,121,False
Prob102_circuit3,pass,0,0,0,121,False
Prob103_circuit2,pass,0,0,0,121,False
Prob104_mt2015_muxdff,mismatch,0,0,1,199,False
Prob105_rotate100,pass,0,0,0,4005,False
Prob106_always_nolatches,pass,0,0,0,30020,False
Prob107_fsm1s,pass,0,0,0,230,False
Prob108_rule90,pass,0,0,0,7121,False
Prob109_fsm1,pass,0,0,0,228,False
Prob110_fsm2,pass,0,0,0,241,False
Prob111_fsm2s,pass,0,0,0,241,False
Prob112_always_case2,pass,0,0,0,94,False
Prob113_2012_q1g,pass,0,0,0,100,False
Prob114_bugs_case,pass,0,0,0,1041,False
Prob115_shift18,pass,0,0,0,4041,False
Prob116_m2014_q3,pass,0,0,0,100,False
Prob117_circuit9,pass,0,0,0,245,False
Prob118_history_shift,pass,0,0,0,2055,False
Prob119_fsm3,pass,0,0,0,230,False
Prob120_fsm3s,pass,0,0,0,230,False
Prob121_2014_q3bfsm,pass,0,0,0,1006,False
Prob122_kmap4,pass,0,0,0,232,False
Prob123_bugs_addsubz,pass,0,0,0,118,False
Prob124_rule110,pass,0,0,0,6283,False
Prob125_kmap3,pass,0,0,0,232,False
Prob126_circuit6,pass,0,0,0,113,False
Prob127_lemmings1,pass,0,0,0,229,False
Prob128_fsm_ps2,pass,0,0,0,400,False
Prob129_ece241_2013_q8,pass,0,0,0,440,False
Prob130_circuit5,pass,0,0,0,141,False
Prob131_mt2015_q4,compile_fail,2,,,,False
Prob132_always_if2,pass,0,0,0,121,False
Prob133_2014_q3fsm,compile_fail,2,,,,False
Prob134_2014_q3c,pass,0,0,0,200,False
Prob135_m2014_q6b,pass,0,0,0,100,False
Prob136_m2014_q6,compile_fail,6,,,,False
Prob137_fsm_serial,pass,0,0,0,905,False
Prob138_2012_q2fsm,pass,0,0,0,400,False
Prob139_2013_q2bfsm,compile_fail,3,,,,False
Prob140_fsm_hdlc,compile_fail,10,,,,False
Prob141_count_clock,timeout,0,0,0,200000,True
Prob142_lemmings2,pass,0,0,0,441,False
Prob143_fsm_onehot,pass,0,0,0,224,False
Prob144_conwaylife,pass,0,0,0,5023,False
Prob145_circuit8,pass,0,0,0,240,False
Prob146_fsm_serialdata,mismatch,0,0,72,905,False
Prob147_circuit10,mismatch,0,0,22,232,False
Prob148_2013_q2afsm,pass,0,0,0,1054,False
Prob149_ece241_2013_q4,compile_fail,2,,,,False
Prob150_review2015_fsmonehot,pass,0,0,0,300,False
Prob151_review2015_fsm,compile_fail,6,,,,False
Prob152_lemmings3,pass,0,0,0,443,False
Prob153_gshare,pass,0,0,0,1083,False
Prob154_fsm_ps2data,mismatch,0,0,488,1619,False
Prob155_lemmings4,compile_fail,2,,,,False
Prob156_review2015_fancytimer,timeout,0,0,0,200000,True
