problem,first_pass_status,attempts,repair_status,pass_attempt,final_attempt,final_compile_status,final_sim_status,final_mismatches,final_samples,final_timeout
Prob009_popcount3,compile_fail,1,pass,1,1,0,0,0,220,False
Prob034_dff8,mismatch,1,pass,1,1,0,0,0,41,False
Prob053_m2014_q4d,mismatch,1,pass,1,1,0,0,0,100,False
Prob062_bugs_mux2,mismatch,1,pass,1,1,0,0,0,114,False
Prob066_edgecapture,mismatch,1,pass,1,1,0,0,0,266,False
Prob070_ece241_2013_q2,mismatch,1,pass,1,1,0,0,0,107,False
Prob082_lfsr32,timeout,1,timeout,,1,0,0,0,200000,True
Prob093_ece241_2014_q3,mismatch,4,pass,4,4,,,0,60,False
Prob099_m2014_q6c,compile_fail,4,compile_fail,,4,2,,,,False
Prob104_mt2015_muxdff,mismatch,1,pass,1,1,0,0,0,199,False
Prob131_mt2015_q4,compile_fail,1,pass,1,1,0,0,0,200,False
Prob133_2014_q3fsm,compile_fail,1,pass,1,1,0,0,0,1414,False
Prob136_m2014_q6,compile_fail,1,pass,1,1,0,0,0,200,False
Prob139_2013_q2bfsm,compile_fail,1,pass,1,1,0,0,0,1002,False
Prob140_fsm_hdlc,compile_fail,1,pass,1,1,0,0,0,801,False
Prob141_count_clock,timeout,4,timeout,,4,,,0,200000,True
Prob146_fsm_serialdata,mismatch,1,pass,1,1,0,0,0,905,False
Prob147_circuit10,mismatch,1,pass,1,1,0,0,0,232,False
Prob149_ece241_2013_q4,compile_fail,2,pass,2,2,0,0,0,2040,False
Prob151_review2015_fsm,compile_fail,1,pass,1,1,0,0,0,5069,False
Prob154_fsm_ps2data,mismatch,2,pass,2,2,0,0,0,1619,False
Prob155_lemmings4,compile_fail,1,pass,1,1,0,0,0,1003,False
Prob156_review2015_fancytimer,timeout,3,timeout,,3,0,0,0,200000,True
